	precision	recall	f1-score	support
Gas A	0.2413793103448276	0.3684210526315789	0.2916666666666667	19.0
Gas B	0.2	0.041666666666666664	0.06896551724137931	24.0
Gas C	0.23076923076923078	0.35294117647058826	0.27906976744186046	17.0
accuracy	0.23333333333333334	0.23333333333333334	0.23333333333333334	0.23333333333333334
macro avg	0.22404951370468615	0.2543429652562779	0.21323398378330216	60.0
weighted avg	0.22182139699381082	0.23333333333333334	0.1990170854495233	60.0
